run_id,n_agents,total_latency,coordination_tax,sync_delay,precision,recall,f1,pred_count,gt_count,tokens_total,timestamp
200e36a9-1c71-4f8b-ab4d-2eb36475065d,4,0.004418500000610948,0.0043058000155724585,0.0002691000117920339,1.0,1.0,1.0,3,3,9,2026-04-21T11:40:46.517301Z
c0fd1fca-23d8-4f09-8574-d939e1725297,4,0.01754939998500049,0.017420999938622117,0.00015049998182803392,1.0,1.0,1.0,3,3,9,2026-04-21T11:41:45.138720Z
5cb3c8b9-b7a5-4ac3-99f7-554857c12053,1,0.002192299987655133,0.0019590999581851065,0.0,0.8571428571428571,1.0,0.923076923076923,7,6,23,2026-04-21T11:47:38.997048Z
36fdafee-fb5f-47c3-93f6-e8acb49e17a1,1,0.006289100041612983,0.005697700020391494,0.0,0.8571428571428571,1.0,0.923076923076923,7,6,23,2026-04-21T11:47:39.017554Z
dc883dcb-136d-40b2-95cd-063865bf93f8,1,0.0017579999985173345,0.001288799976464361,0.0,0.8571428571428571,1.0,0.923076923076923,7,6,23,2026-04-21T11:47:39.020643Z
358abf85-02d1-4962-8d1a-acd4055395f6,1,0.0011331000132486224,0.0009684999822638929,0.0,0.8571428571428571,1.0,0.923076923076923,7,6,23,2026-04-21T11:47:39.028415Z
2634a250-52e2-4bbe-bf56-2cc625e91cc6,1,0.0024715999606996775,0.0022934999433346093,0.0,0.8571428571428571,1.0,0.923076923076923,7,6,23,2026-04-21T11:47:39.036937Z
6df7e4bf-d628-4f01-98a4-5025733e297e,1,0.0007899000192992389,0.0006865999894216657,0.0,0.8571428571428571,1.0,0.923076923076923,7,6,23,2026-04-21T11:47:39.038947Z
e39d8413-970d-4e64-8956-d4032cb321a1,1,0.0010300999856553972,0.0008914999780245125,0.0,0.8571428571428571,1.0,0.923076923076923,7,6,23,2026-04-21T11:47:39.043983Z
8e52f724-02b4-402b-a940-918ec1fb9926,1,0.0009548000525683165,0.00082840007962659,0.0,0.8571428571428571,1.0,0.923076923076923,7,6,23,2026-04-21T11:47:39.044884Z
b724bc7d-11d5-4eb9-9e06-d5e3f69a3f75,1,0.001270199951250106,0.001075899985153228,0.0,0.8571428571428571,1.0,0.923076923076923,7,6,23,2026-04-21T11:47:39.050561Z
a7631283-06b0-4a3a-8bdf-3d09c14eabc9,1,0.0015227999538183212,0.0011599999270401895,0.0,0.8571428571428571,1.0,0.923076923076923,7,6,23,2026-04-21T11:47:39.061393Z
aa486f59-84e7-4418-a429-032cad0f87ff,1,0.0020976000232622027,0.0018649999983608723,0.0,0.8571428571428571,1.0,0.923076923076923,7,6,23,2026-04-21T11:47:39.070143Z
42f6d9e2-8cfe-4049-9608-d53c56c888aa,1,0.001142399967648089,0.0009660999639891088,0.0,0.8571428571428571,1.0,0.923076923076923,7,6,23,2026-04-21T11:47:39.078380Z
63917f09-b00e-4b60-8ed9-07ad3eea7093,1,0.001712600002065301,0.0014894999912939966,0.0,0.8571428571428571,1.0,0.923076923076923,7,6,23,2026-04-21T11:47:39.085557Z
62377120-28eb-490f-8850-2a5bb1e02208,1,0.0009583999635651708,0.0008414999465458095,0.0,0.8571428571428571,1.0,0.923076923076923,7,6,23,2026-04-21T11:47:39.090583Z
85faef2d-0fac-42b7-817a-7e38c0e794a1,1,0.0017356000025756657,0.0011699000024236739,0.0,0.8571428571428571,1.0,0.923076923076923,7,6,23,2026-04-21T11:47:39.096607Z
6c2717c5-08da-4584-aa88-456a637ec17c,1,0.005479199986439198,0.005283700011204928,0.0,0.8571428571428571,1.0,0.923076923076923,7,6,23,2026-04-21T11:47:39.191498Z
c7ce45da-60ba-4591-873c-470171ba96e6,1,0.0010568000143393874,0.0008798000053502619,0.0,0.8571428571428571,1.0,0.923076923076923,7,6,23,2026-04-21T11:47:39.196530Z
ef1595d6-7e19-4ac7-94af-ab28cf018557,1,0.0015295000048354268,0.0012543000048026443,0.0,0.8571428571428571,1.0,0.923076923076923,7,6,23,2026-04-21T11:47:39.198540Z
2ae1e2d0-87fc-4b05-aecc-ca9993a0247c,1,0.0008185000042431056,0.0007091999868862331,0.0,0.8571428571428571,1.0,0.923076923076923,7,6,23,2026-04-21T11:47:39.203880Z
37190761-4b33-46ec-aaba-2ddd6c625248,1,0.0009339000098407269,0.0008165999897755682,0.0,0.8571428571428571,1.0,0.923076923076923,7,6,23,2026-04-21T11:47:39.209500Z
b6f0f64d-7927-4488-bf82-a2430140fd8a,1,0.0015753000043332577,0.0013469000114127994,0.0,0.8571428571428571,1.0,0.923076923076923,7,6,23,2026-04-21T11:47:39.226513Z
b8fa41d8-fea6-4431-aa5a-8b8fb55c2cb2,1,0.0015786000294610858,0.001369000063277781,0.0,0.8571428571428571,1.0,0.923076923076923,7,6,23,2026-04-21T11:47:39.231785Z
5b40bb8f-20d9-42da-b642-99dd505449cf,1,0.0009303999831900001,0.0008078999817371368,0.0,0.8571428571428571,1.0,0.923076923076923,7,6,23,2026-04-21T11:47:39.232616Z
83726e87-f0fb-4d59-a2ec-9b6cef21b716,1,0.0006314999773167074,0.0005316999740898609,0.0,0.8571428571428571,1.0,0.923076923076923,7,6,23,2026-04-21T11:47:39.232616Z
c0a06b8e-67c0-4519-ac65-ac7de2935434,1,0.000989499967545271,0.0008684999775141478,0.0,0.8571428571428571,1.0,0.923076923076923,7,6,23,2026-04-21T11:47:39.245176Z
69f4cace-0c6b-4907-a4c9-c8bd13ea8dc8,1,0.001054299995303154,0.0007236999808810651,0.0,0.8571428571428571,1.0,0.923076923076923,7,6,23,2026-04-21T11:47:39.248985Z
9c61ac80-f8d4-4650-859f-02e979a07429,1,0.0006910000229254365,0.0005999000277370214,0.0,0.8571428571428571,1.0,0.923076923076923,7,6,23,2026-04-21T11:47:39.253156Z
796b5265-4c47-485d-9ba6-465785eeb907,1,0.0006477999850176275,0.0005449000163935125,0.0,0.8571428571428571,1.0,0.923076923076923,7,6,23,2026-04-21T11:47:39.253156Z
b9d89e2c-6a44-4baf-9dd8-1515ebfa841f,1,0.0010181000106967986,0.0007075000321492553,0.0,0.8571428571428571,1.0,0.923076923076923,7,6,23,2026-04-21T11:47:39.260230Z
e8647c21-b2e0-43d5-bde8-856c0e56abce,1,0.0008829000289551914,0.0006723000551573932,0.0,0.8571428571428571,1.0,0.923076923076923,7,6,23,2026-04-21T11:47:39.261211Z
8b7fbec9-4360-46ea-80a9-3bcf16068792,1,0.0018859999836422503,0.0015359999961219728,0.0,0.8571428571428571,1.0,0.923076923076923,7,6,23,2026-04-21T11:47:39.268295Z
daeaf722-bd0d-4960-9c70-d8fcc532dde8,1,0.0008983000298030674,0.0006624000379815698,0.0,0.8571428571428571,1.0,0.923076923076923,7,6,23,2026-04-21T11:47:39.268295Z
b98eb129-a580-48a3-b75b-f8b7ecb40d7f,1,0.001157799968495965,0.001003399956971407,0.0,0.8571428571428571,1.0,0.923076923076923,7,6,23,2026-04-21T11:47:39.277965Z
961c80c4-5db2-4967-85c8-f7e4c9311ad6,1,0.001312199980020523,0.001171099953353405,0.0,0.8571428571428571,1.0,0.923076923076923,7,6,23,2026-04-21T11:47:39.282208Z
d53c6cac-e333-43e6-bda3-a4320a6b4a0e,1,0.0012294999905861914,0.0010463999933563173,0.0,0.8571428571428571,1.0,0.923076923076923,7,6,23,2026-04-21T11:47:39.284430Z
d18cc05f-c465-4998-9244-7000f269c1d9,1,0.0015233000158332288,0.0012320000096224248,0.0,0.8571428571428571,1.0,0.923076923076923,7,6,23,2026-04-21T11:47:39.294263Z
804ef13f-95b7-4226-9feb-79b47ea04dfb,1,0.0020991999772377312,0.0018031999352388084,0.0,0.8571428571428571,1.0,0.923076923076923,7,6,23,2026-04-21T11:47:39.301155Z
f03c9d6c-896e-4ebb-9271-9e6e2c358a5b,1,0.0015632000286132097,0.0012478000135160983,0.0,0.8571428571428571,1.0,0.923076923076923,7,6,23,2026-04-21T11:47:39.307428Z
bbcece00-0f8a-4091-a114-583f1d4995ef,1,0.0007165999850258231,0.0006212000153027475,0.0,0.8571428571428571,1.0,0.923076923076923,7,6,23,2026-04-21T11:47:39.310876Z
0246088f-c726-461e-8916-17e0e1a054db,1,0.0040206999983638525,0.00368930003605783,0.0,0.8571428571428571,1.0,0.923076923076923,7,6,23,2026-04-21T11:47:39.319006Z
1fafb247-8314-42e4-a4f2-1c27fd7cece7,1,0.0010315999970771372,0.000880399951711297,0.0,0.8571428571428571,1.0,0.923076923076923,7,6,23,2026-04-21T11:47:39.322979Z
9eba2ed4-f7f7-440b-a517-891df1ad4d6e,1,0.0006975000142119825,0.000597400008700788,0.0,0.8571428571428571,1.0,0.923076923076923,7,6,23,2026-04-21T11:47:39.326681Z
77c827e0-2b03-40bc-a84d-cd833c26e40b,1,0.0008577000116929412,0.000755899993237108,0.0,0.8571428571428571,1.0,0.923076923076923,7,6,23,2026-04-21T11:47:39.330860Z
5347df2e-612c-47e1-917e-3a0d84264b3a,1,0.001545800012536347,0.0014197000418789685,0.0,0.8571428571428571,1.0,0.923076923076923,7,6,23,2026-04-21T11:47:39.338666Z
d1d0e95b-70cf-463e-a80c-5c72251d06ab,1,0.0009404000011272728,0.0008242999901995063,0.0,0.8571428571428571,1.0,0.923076923076923,7,6,23,2026-04-21T11:47:39.342522Z
25194afa-44a7-4ec0-8bcd-a0bf69a8a372,1,0.0007579000084660947,0.0006627000402659178,0.0,0.8571428571428571,1.0,0.923076923076923,7,6,23,2026-04-21T11:47:39.346907Z
bf747cd9-caaf-4a67-af4b-435802597d3d,1,0.00104750000173226,0.0009206000249832869,0.0,0.8571428571428571,1.0,0.923076923076923,7,6,23,2026-04-21T11:47:39.349710Z
165d20c6-4a5d-4f55-a617-7e0e4a1c5222,1,0.0010933000012300909,0.0009661000221967697,0.0,0.8571428571428571,1.0,0.923076923076923,7,6,23,2026-04-21T11:47:39.357102Z
32511529-8033-4d4e-91b3-f42089c0b133,1,0.0009065000340342522,0.0007888000691309571,0.0,0.8571428571428571,1.0,0.923076923076923,7,6,23,2026-04-21T11:47:39.358546Z
2b5f34cf-1070-4d27-80e9-3617f2c96b8e,1,0.0012203999795019627,0.0010470999986864626,0.0,0.8571428571428571,1.0,0.923076923076923,7,6,23,2026-04-21T11:47:39.369660Z
24e0d363-a683-434c-a091-1d80c5d50fab,2,0.000952600035816431,0.000875400030054152,0.00011409999569877982,0.8571428571428571,1.0,0.923076923076923,7,6,23,2026-04-21T11:47:39.369660Z
21f2c11a-2991-4c70-b1df-5a957cb7d1bc,2,0.001435199985280633,0.0013427999801933765,0.00021499994909390807,0.8571428571428571,1.0,0.923076923076923,7,6,23,2026-04-21T11:47:39.378219Z
d237b17b-e546-40ae-9869-14d6bdb71608,2,0.001601099967956543,0.001492300012614578,0.0001403999631293118,0.8571428571428571,1.0,0.923076923076923,7,6,23,2026-04-21T11:47:39.382631Z
32e1928d-3db7-4ecd-8a95-333a09b5b842,2,0.000914999982342124,0.0008511999621987343,0.00015139998868107796,0.8571428571428571,1.0,0.923076923076923,7,6,23,2026-04-21T11:47:39.387608Z
bbdd3d81-2f7e-45f1-8684-3cabe460bdf2,2,0.0007901000208221376,0.0007310000364668667,9.71999834291637e-05,0.8571428571428571,1.0,0.923076923076923,7,6,23,2026-04-21T11:47:39.393364Z
3f23b828-c793-43c6-87df-4bbe3d2654c5,2,0.0009204000234603882,0.0007953000022098422,0.00015379994874820113,0.8571428571428571,1.0,0.923076923076923,7,6,23,2026-04-21T11:47:39.396541Z
8f66e6cf-841e-4dc1-93fb-9bf9d0541aac,2,0.0012727000284940004,0.0011820000363513827,0.00020429998403415084,0.8571428571428571,1.0,0.923076923076923,7,6,23,2026-04-21T11:47:39.402633Z
f0429257-9c07-4f06-a166-dd488a21c194,2,0.0009231999865733087,0.0008239999879151583,0.00015729997539892793,0.8571428571428571,1.0,0.923076923076923,7,6,23,2026-04-21T11:47:39.406521Z
e05d180d-bfed-48c7-97bb-86cf61c9adcb,2,0.0007652000058442354,0.000707099970895797,9.320001117885113e-05,0.8571428571428571,1.0,0.923076923076923,7,6,23,2026-04-21T11:47:39.410202Z
7cec6f29-b51c-4cce-b3b4-12ae66c9289d,2,0.0005804999964311719,0.0005322999786585569,8.329999400302768e-05,0.8571428571428571,1.0,0.923076923076923,7,6,23,2026-04-21T11:47:39.410202Z
8784daa9-4749-4004-a7b2-305940150ed7,2,0.0013574999757111073,0.0012407000176608562,0.0001401000190526247,0.8571428571428571,1.0,0.923076923076923,7,6,23,2026-04-21T11:47:39.420124Z
0bc87f57-6ab8-4efe-b6a9-ed27e1da393e,2,0.0016223000129684806,0.0015154000138863921,0.00015459995483979583,0.8571428571428571,1.0,0.923076923076923,7,6,23,2026-04-21T11:47:39.424157Z
e1c10ffc-8158-4177-8ca4-6cd139ff66e5,2,0.0007180999964475632,0.000666600011754781,8.730002446100116e-05,0.8571428571428571,1.0,0.923076923076923,7,6,23,2026-04-21T11:47:39.426792Z
43dccc09-0aac-4610-bdf1-72817d09dfe1,2,0.00198830000590533,0.001750499999616295,0.00016459997277706861,0.8571428571428571,1.0,0.923076923076923,7,6,23,2026-04-21T11:47:39.433882Z
a6060d58-861d-426c-9487-7da22616326b,2,0.000805600022431463,0.0007404999923892319,0.00010899995686486363,0.8571428571428571,1.0,0.923076923076923,7,6,23,2026-04-21T11:47:39.433882Z
ddd4bfd0-cb18-44d0-9a45-ded1ed212fdd,2,0.0008910999749787152,0.0008168999920599163,0.00011060002725571394,0.8571428571428571,1.0,0.923076923076923,7,6,23,2026-04-21T11:47:39.442525Z
15ce6afa-1939-429c-aa81-f4cda19b8190,2,0.0006736000068485737,0.0006180000491440296,9.529996896162629e-05,0.8571428571428571,1.0,0.923076923076923,7,6,23,2026-04-21T11:47:39.444802Z
991eed81-025f-4918-a852-00fc07f817bc,2,0.002030200033914298,0.001777400029823184,0.0005434000049717724,0.8571428571428571,1.0,0.923076923076923,7,6,23,2026-04-21T11:47:39.449219Z
94458253-700e-425b-a579-d9823ac2e5fc,2,0.0009489000076428056,0.0008812000160105526,0.00010679999832063913,0.8571428571428571,1.0,0.923076923076923,7,6,23,2026-04-21T11:47:39.449219Z
d657499a-5600-45b1-b289-0b6d0df0ed2f,2,0.0010000999900512397,0.0009023999446071684,0.00012389995390549302,0.8571428571428571,1.0,0.923076923076923,7,6,23,2026-04-21T11:47:39.461077Z
9a62bd3a-d72d-4df1-aebb-f3919610d496,2,0.0006501000025309622,0.0005896000075154006,0.00011129997437819839,0.8571428571428571,1.0,0.923076923076923,7,6,23,2026-04-21T11:47:39.461077Z
24d4b267-94f3-4a98-9dbe-c04b06c387de,2,0.0009798999526537955,0.0009184999507851899,0.0001343999756500125,0.8571428571428571,1.0,0.923076923076923,7,6,23,2026-04-21T11:47:39.467851Z
478b7285-bb0c-4f4c-badb-956b5270678c,2,0.0008394999895244837,0.0007748000207357109,0.00015390000771731138,0.8571428571428571,1.0,0.923076923076923,7,6,23,2026-04-21T11:47:39.467851Z
c4dbe5af-7dfc-4991-9448-979f64110bb5,2,0.001234700030181557,0.001167300040833652,0.00010320002911612391,0.8571428571428571,1.0,0.923076923076923,7,6,23,2026-04-21T11:47:39.478433Z
6dbe2a87-9167-4553-9de6-d2ffb57ba9ec,2,0.0033109000069089234,0.003153700032271445,0.0003573000431060791,0.8571428571428571,1.0,0.923076923076923,7,6,23,2026-04-21T11:47:39.483220Z
4ab91945-57ec-487e-923f-fda75bb6045d,2,0.0010777999996207654,0.0009941000025719404,0.00018710002768784761,0.8571428571428571,1.0,0.923076923076923,7,6,23,2026-04-21T11:47:39.489511Z
98e1992d-1fe8-4960-bf79-ef397d96fc21,2,0.0014073000056669116,0.0012030000216327608,0.00019809999503195286,0.8571428571428571,1.0,0.923076923076923,7,6,23,2026-04-21T11:47:39.494383Z
227288f3-ec37-456a-93ad-b8cf5d76c313,2,0.0013496000319719315,0.0012472000089474022,0.00019829999655485153,0.8571428571428571,1.0,0.923076923076923,7,6,23,2026-04-21T11:47:39.500996Z
3f763e3c-ff54-47ea-9aa7-8d6660ef0195,2,0.0011331000132486224,0.0009713000617921352,0.00026810000417754054,0.8571428571428571,1.0,0.923076923076923,7,6,23,2026-04-21T11:47:39.500996Z
e80414a7-cb9b-46ff-8248-8a94b1ee16e0,2,0.0011648000217974186,0.0010418000165373087,0.00018590001855045557,0.8571428571428571,1.0,0.923076923076923,7,6,23,2026-04-21T11:47:39.512445Z
937cc55d-be24-4b7e-bbe6-f5906f1f13cf,2,0.0011953000212088227,0.0010912999860011041,0.00014059996465221047,0.8571428571428571,1.0,0.923076923076923,7,6,23,2026-04-21T11:47:39.517217Z
5ed1cdfe-22b8-4169-8dec-debcac2104c1,2,0.0008267000084742904,0.0007498000049963593,0.00012149999383836985,0.8571428571428571,1.0,0.923076923076923,7,6,23,2026-04-21T11:47:39.521883Z
f3e5c144-35ce-4275-be03-dc73eddd3cfb,2,0.0009955000132322311,0.0009255000040866435,0.00015460001304745674,0.8571428571428571,1.0,0.923076923076923,7,6,23,2026-04-21T11:47:39.526624Z
4d61f15f-5376-47e6-8dec-1d25ba46e542,2,0.0021926999907009304,0.0020526000298559666,0.0002361999941058457,0.8571428571428571,1.0,0.923076923076923,7,6,23,2026-04-21T11:47:39.533401Z
86e2b603-4dd1-478c-a3d5-9f7c83525cf6,2,0.0010898999753408134,0.0009819999686442316,0.00015699997311457992,0.8571428571428571,1.0,0.923076923076923,7,6,23,2026-04-21T11:47:39.533401Z
0de07177-864e-4969-b5ff-0b9d802d9bd8,2,0.001384599949233234,0.0012851999490521848,0.00018289999570697546,0.8571428571428571,1.0,0.923076923076923,7,6,23,2026-04-21T11:47:39.541298Z
eed99fae-7617-4e44-a037-579458894562,2,0.0019029999966733158,0.0016651999903842807,0.0002634000265970826,0.8571428571428571,1.0,0.923076923076923,7,6,23,2026-04-21T11:47:39.549031Z
1b245f8d-0aa7-43c3-9869-9ec9d39b47cc,2,0.0007961000083014369,0.0007383000338450074,9.869999485090375e-05,0.8571428571428571,1.0,0.923076923076923,7,6,23,2026-04-21T11:47:39.549031Z
82d5ce15-bc7c-43a8-9237-74e12a0fea7a,2,0.0012665000394918025,0.0011195000843144953,0.0001789000234566629,0.8571428571428571,1.0,0.923076923076923,7,6,23,2026-04-21T11:47:39.557353Z
1999201f-f584-42a1-8fef-22e44880937b,2,0.0023150999913923442,0.002112099959049374,0.00021279999054968357,0.8571428571428571,1.0,0.923076923076923,7,6,23,2026-04-21T11:47:39.565723Z
ee752c95-c78c-426d-b74b-6524f84f164e,2,0.001223200000822544,0.0011344000231474638,0.0001938999630510807,0.8571428571428571,1.0,0.923076923076923,7,6,23,2026-04-21T11:47:39.572203Z
b53cda5e-b7d2-4ae4-bd18-0bc8f7a54b92,2,0.001283199992030859,0.0011953999637626112,0.00022280000848695636,0.8571428571428571,1.0,0.923076923076923,7,6,23,2026-04-21T11:47:39.574209Z
bfcac8de-21b4-46fe-aa97-555cfeadd851,2,0.00257060001604259,0.0017995999660342932,0.0012425000313669443,0.8571428571428571,1.0,0.923076923076923,7,6,23,2026-04-21T11:47:39.582823Z
441b51ba-f92d-4e1b-9018-38d6a7c3ca82,2,0.0013841000036336482,0.0013044000370427966,0.00013960001524537802,0.8571428571428571,1.0,0.923076923076923,7,6,23,2026-04-21T11:47:39.587521Z
60359fc5-94bb-480d-8c51-20d24b9c8e83,2,0.0013444999931380153,0.0012552000116556883,0.00015740003436803818,0.8571428571428571,1.0,0.923076923076923,7,6,23,2026-04-21T11:47:39.587521Z
c5505c83-2523-4343-86eb-8bdb4be004fd,2,0.001951600017491728,0.0017246000352315605,0.0005012000328861177,0.8571428571428571,1.0,0.923076923076923,7,6,23,2026-04-21T11:47:39.597598Z
845f1bd4-6463-4be1-b653-edd939271235,2,0.001229999994393438,0.0010978999780490994,0.0001262999721802771,0.8571428571428571,1.0,0.923076923076923,7,6,23,2026-04-21T11:47:39.601394Z
60856056-2cf5-46d7-a8f5-183290f70da7,2,0.0008369000279344618,0.0007734000100754201,0.000103199970908463,0.8571428571428571,1.0,0.923076923076923,7,6,23,2026-04-21T11:47:39.601394Z
9c682cc0-f59c-4163-b6fb-4f110d897a5d,2,0.0009769999887794256,0.0008969999616965652,0.00016229995526373386,0.8571428571428571,1.0,0.923076923076923,7,6,23,2026-04-21T11:47:39.613551Z
00611bbf-4321-4a1b-8164-8997a4b48258,2,0.0016493000439368188,0.0015358999953605235,0.000152900000102818,0.8571428571428571,1.0,0.923076923076923,7,6,23,2026-04-21T11:47:39.620687Z
b68866b3-e09e-4d37-b6c1-199ed0324fae,4,0.0011375999893061817,0.0010819999733939767,0.00010389997623860836,0.8571428571428571,1.0,0.923076923076923,7,6,23,2026-04-21T11:47:39.620687Z
a24786c6-5a77-4052-9a54-584c8970b351,4,0.003497699974104762,0.0032204000162892044,0.00017990003107115626,0.8571428571428571,1.0,0.923076923076923,7,6,23,2026-04-21T11:47:39.632336Z
69279543-416f-4c64-936a-acf706005a87,4,0.002181099960580468,0.001972899946849793,0.00017060001846402884,0.8571428571428571,1.0,0.923076923076923,7,6,23,2026-04-21T11:47:39.637664Z
ef6d4f67-8a9d-4a4d-86c5-77475327b616,4,0.002070099988486618,0.0018543999758549035,0.00011239998275414109,0.8571428571428571,1.0,0.923076923076923,7,6,23,2026-04-21T11:47:39.644368Z
f41bc49c-30d8-46f7-b689-1d63929c6972,4,0.0017456000205129385,0.0016727999900467694,0.0001349000376649201,0.8571428571428571,1.0,0.923076923076923,7,6,23,2026-04-21T11:47:39.648321Z
7d464c2f-f54a-449d-bc76-fea9c51a923f,4,0.001121699984651059,0.0010574000189080834,0.00010159995872527361,0.8571428571428571,1.0,0.923076923076923,7,6,23,2026-04-21T11:47:39.654707Z
a833a9aa-4fb9-4ae6-8428-f113fe18a191,4,0.0023104000138118863,0.002208799996878952,0.00017440004739910364,0.8571428571428571,1.0,0.923076923076923,7,6,23,2026-04-21T11:47:39.660940Z
15ac2e19-b247-49bb-8762-906b317e0132,4,0.0019791999948211014,0.0018573999986983836,0.0001248999615199864,0.8571428571428571,1.0,0.923076923076923,7,6,23,2026-04-21T11:47:39.665030Z
91b4cb13-cdcc-4e89-85a3-abdf8cea19ad,4,0.0014708000235259533,0.0014109000330790877,0.00011030002497136593,0.8571428571428571,1.0,0.923076923076923,7,6,23,2026-04-21T11:47:39.672164Z
5e68c731-e8b0-4b6c-8c6d-5a027446b7ba,4,0.0011751999845728278,0.0011270999675616622,0.0001078000059351325,0.8571428571428571,1.0,0.923076923076923,7,6,23,2026-04-21T11:47:39.680615Z
934c87ce-266e-43e8-8355-c977270f882d,4,0.0015563999768346548,0.0014533999492414296,0.00011309998808428645,0.8571428571428571,1.0,0.923076923076923,7,6,23,2026-04-21T11:47:39.683532Z
2191c5f1-eb1b-4307-a1f4-02b4ddc10540,4,0.0022651999606750906,0.0015806999290362,0.00023740000324323773,0.8571428571428571,1.0,0.923076923076923,7,6,23,2026-04-21T11:47:39.693108Z
f8d3bdc6-a03a-4d86-a054-64806ff89593,4,0.00319580000359565,0.00308630004292354,0.00014070002362132072,0.8571428571428571,1.0,0.923076923076923,7,6,23,2026-04-21T11:47:39.698893Z
1479a41d-df5d-40ad-b0be-e647bd6120cb,4,0.0017871999880298972,0.001718499988783151,0.00017740001203492284,0.8571428571428571,1.0,0.923076923076923,7,6,23,2026-04-21T11:47:39.698893Z
31e6c997-0363-4e82-8363-31dbe5be5118,4,0.0013516999897547066,0.0012866999604739249,0.0001012999564409256,0.8571428571428571,1.0,0.923076923076923,7,6,23,2026-04-21T11:47:39.708044Z
eee1da09-7d88-43cd-8ff8-ae6c21b0aba9,4,0.0030397000373341143,0.00290560006396845,0.00015670002903789282,0.8571428571428571,1.0,0.923076923076923,7,6,23,2026-04-21T11:47:39.717394Z
ef4ef6a0-aecb-4174-988b-26834ae3e2ef,4,0.001916699984576553,0.0018670999561436474,0.00010789994848892093,0.8571428571428571,1.0,0.923076923076923,7,6,23,2026-04-21T11:47:39.722355Z
e62f7948-b359-4bc7-a95c-d4687f25fd0f,4,0.0024816999793983996,0.002406399988103658,0.00016520003555342555,0.8571428571428571,1.0,0.923076923076923,7,6,23,2026-04-21T11:47:39.727142Z
48955f76-865d-42ac-9ae3-2b7dc8bc8da5,4,0.0015106000355444849,0.0014328000252135098,9.859999408945441e-05,0.8571428571428571,1.0,0.923076923076923,7,6,23,2026-04-21T11:47:39.732467Z
3bc7d566-9e85-482d-afd3-d2719f2c17a7,4,0.0011220999876968563,0.0010566999553702772,0.00013689999468624592,0.8571428571428571,1.0,0.923076923076923,7,6,23,2026-04-21T11:47:39.740330Z
251efad4-dffb-4234-bb91-d44407365a7e,4,0.0050870999693870544,0.004883099987637252,0.00020920002134516835,0.8571428571428571,1.0,0.923076923076923,7,6,23,2026-04-21T11:47:39.750526Z
222566d3-316d-4b33-82b0-66cc626e63a4,4,0.002027900016400963,0.0018116000574082136,0.00016920000780373812,0.8571428571428571,1.0,0.923076923076923,7,6,23,2026-04-21T11:47:39.754371Z
71d88cd8-99b3-4400-87eb-d45bffc63c97,4,0.0015128999948501587,0.0013882999774068594,0.00011570000788196921,0.8571428571428571,1.0,0.923076923076923,7,6,23,2026-04-21T11:47:39.761974Z
fbb8e731-b3a1-4ecb-8586-f4916e9f4862,4,0.0017905000131577253,0.0016903000650927424,0.00016579998191446066,0.8571428571428571,1.0,0.923076923076923,7,6,23,2026-04-21T11:47:39.768468Z
7526b785-4ec0-409e-b933-bad0842c8575,4,0.0009603000362403691,0.0009186000097543001,9.789998875930905e-05,0.8571428571428571,1.0,0.923076923076923,7,6,23,2026-04-21T11:47:39.768468Z
e7e31206-c6a5-43b9-a662-38bf8a2bc14c,4,0.0011381999938748777,0.0010916999890469015,8.780002826824784e-05,0.8571428571428571,1.0,0.923076923076923,7,6,23,2026-04-21T11:47:39.775836Z
c92c49ef-e0f1-4b11-bb97-206fcd42e3e7,4,0.0029964999994263053,0.0028987000114284456,0.0002686000079847872,0.8571428571428571,1.0,0.923076923076923,7,6,23,2026-04-21T11:47:39.781851Z
58534413-c1c5-4600-b42e-0b8067cd7a6a,4,0.0014448000001721084,0.0013699000119231641,0.00010489998385310173,0.8571428571428571,1.0,0.923076923076923,7,6,23,2026-04-21T11:47:39.785456Z
b48ccd47-ac2a-4831-b07d-7adda976615f,4,0.0013855000142939389,0.0013135999906808138,0.00011369999265298247,0.8571428571428571,1.0,0.923076923076923,7,6,23,2026-04-21T11:47:39.792183Z
5e7e3e29-e674-42ff-8329-7cee85c97965,4,0.001562100020237267,0.0014178999699652195,0.0001002000062726438,0.8571428571428571,1.0,0.923076923076923,7,6,23,2026-04-21T11:47:39.795399Z
78fc5420-1afe-453c-a34c-84ce4cc40778,4,0.0014646000345237553,0.001406199997290969,0.00011800002539530396,0.8571428571428571,1.0,0.923076923076923,7,6,23,2026-04-21T11:47:39.800244Z
b5bd9caa-112f-4b20-8103-7ef9d076083e,4,0.0016439000028185546,0.0014336000313051045,0.0001294999965466559,0.8571428571428571,1.0,0.923076923076923,7,6,23,2026-04-21T11:47:39.806973Z
e451d2f7-cf05-4a49-bd44-df915a371b3d,4,0.0013758999994024634,0.0013133999891579151,0.00013070000568404794,0.8571428571428571,1.0,0.923076923076923,7,6,23,2026-04-21T11:47:39.809614Z
b5bedab3-5e9d-4a16-b968-4279ce63c145,4,0.0016079000197350979,0.0015230000135488808,0.00017199997091665864,0.8571428571428571,1.0,0.923076923076923,7,6,23,2026-04-21T11:47:39.817618Z
1d426b77-1d5c-4c5a-b0c9-4dc4ebf089cf,4,0.0013904999941587448,0.0013303000014275312,0.00012740003876388073,0.8571428571428571,1.0,0.923076923076923,7,6,23,2026-04-21T11:47:39.822888Z
bfecc2bb-af2b-4078-be6a-9cd43d8f23d7,4,0.0010383000480942428,0.000994000001810491,8.129997877404094e-05,0.8571428571428571,1.0,0.923076923076923,7,6,23,2026-04-21T11:47:39.825552Z
696c15cc-57da-4858-99d4-60c7c60638ea,4,0.0025696000084280968,0.0024743000394664705,0.00016729999333620071,0.8571428571428571,1.0,0.923076923076923,7,6,23,2026-04-21T11:47:39.833552Z
9b047a1f-1ed6-4f23-a5ed-6167d0917d7e,4,0.001122599991504103,0.0010721999569796026,0.00010409997776150703,0.8571428571428571,1.0,0.923076923076923,7,6,23,2026-04-21T11:47:39.836674Z
f767628b-d1b8-48a9-8b8c-16e81cc3c0ef,4,0.0011386999976821244,0.0010847999947145581,0.00010099995415657759,0.8571428571428571,1.0,0.923076923076923,7,6,23,2026-04-21T11:47:39.841065Z
f4fd159d-5f00-4bde-ad60-b2e3cc394600,4,0.001326099969446659,0.0012091999524272978,0.0001962999813258648,0.8571428571428571,1.0,0.923076923076923,7,6,23,2026-04-21T11:47:39.845629Z
386ef659-ad93-4427-b8ca-978392e94e35,4,0.0014930999604985118,0.0013981999945826828,0.00012260000221431255,0.8571428571428571,1.0,0.923076923076923,7,6,23,2026-04-21T11:47:39.852176Z
764c8e6d-2054-48c9-bde3-8a3ab41e882f,4,0.0024800000246614218,0.0022366000339388847,0.0002685000072233379,0.8571428571428571,1.0,0.923076923076923,7,6,23,2026-04-21T11:47:39.857063Z
8ed75788-056f-49d3-b19e-575fc701723a,4,0.0013521999935619533,0.0012963999761268497,0.00010770000517368317,0.8571428571428571,1.0,0.923076923076923,7,6,23,2026-04-21T11:47:39.861671Z
7042fe49-ac23-40e6-aab6-819a5546de98,4,0.0030158000299707055,0.0029097000369802117,0.00018089998047798872,0.8571428571428571,1.0,0.923076923076923,7,6,23,2026-04-21T11:47:39.869733Z
517966a4-2d18-43f0-acaa-8568fc5e2c7f,4,0.0017091999761760235,0.0014998999540694058,0.0001221999991685152,0.8571428571428571,1.0,0.923076923076923,7,6,23,2026-04-21T11:47:39.873339Z
ecdf9b85-c59b-4e12-ac04-6ac17b168a16,4,0.0009325999999418855,0.0008914999780245125,8.50000069476664e-05,0.8571428571428571,1.0,0.923076923076923,7,6,23,2026-04-21T11:47:39.873339Z
73e9b242-c2ab-4a41-a662-f6fa0d9f8b64,4,0.00252169999293983,0.0024704000097699463,0.00032809999538585544,0.8571428571428571,1.0,0.923076923076923,7,6,23,2026-04-21T11:47:39.881479Z
c1e6df2c-792b-4090-83cd-ea5920210849,4,0.0012518999865278602,0.0011554000084288418,0.00014519999967887998,0.8571428571428571,1.0,0.923076923076923,7,6,23,2026-04-21T11:47:39.885504Z
0bb85eab-fda4-43d4-86a1-77d32bf5db2e,4,0.002215399988926947,0.002140199998393655,0.0004305999609641731,0.8571428571428571,1.0,0.923076923076923,7,6,23,2026-04-21T11:47:39.891848Z
3bef06fc-d49e-4e04-bcd7-d49016329562,4,0.0011600999860092998,0.0011118999682366848,8.819997310638428e-05,0.8571428571428571,1.0,0.923076923076923,7,6,23,2026-04-21T11:47:39.891848Z
7ee77a0e-0f1e-4aec-88a6-bc62a2d6fa73,6,0.0023708000080659986,0.0021034000092186034,1.3299984857439995e-05,0.8571428571428571,1.0,0.923076923076923,7,6,23,2026-04-21T11:47:39.902339Z
4b1678fa-a2c0-4ec6-b2a6-038afdf38349,6,0.0015950000379234552,0.00148020003689453,1.1999974958598614e-05,0.8571428571428571,1.0,0.923076923076923,7,6,23,2026-04-21T11:47:39.906672Z
ae1c5b28-923d-4098-81d5-850802dc1fab,6,0.0012070999946445227,0.0011702000047080219,1.1500029359012842e-05,0.8571428571428571,1.0,0.923076923076923,7,6,23,2026-04-21T11:47:39.906672Z
de884d3c-5c3e-4109-86c4-22153344ea0e,6,0.0040905000059865415,0.0038870000280439854,5.2099989261478186e-05,0.8571428571428571,1.0,0.923076923076923,7,6,23,2026-04-21T11:47:39.918581Z
2672e710-053e-4555-b2db-edf44cb9e16c,6,0.0011976000387221575,0.0011555000091902912,1.090002479031682e-05,0.8571428571428571,1.0,0.923076923076923,7,6,23,2026-04-21T11:47:39.920592Z
86fa664a-4406-45f0-b69c-38111944bfb9,6,0.0012289000442251563,0.0011930000619031489,1.1299969628453255e-05,0.8571428571428571,1.0,0.923076923076923,7,6,23,2026-04-21T11:47:39.923756Z
248edaf7-5461-42bd-a241-f11da693bc58,6,0.001968699973076582,0.0019230999751016498,1.8700025975704193e-05,0.8571428571428571,1.0,0.923076923076923,7,6,23,2026-04-21T11:47:39.930004Z
9ebe3067-68a7-4987-8f78-c0ad7f535ab3,6,0.0013899999903514981,0.0013487999676726758,1.2899981811642647e-05,0.8571428571428571,1.0,0.923076923076923,7,6,23,2026-04-21T11:47:39.931435Z
75b2fbda-4955-448e-a7d1-73493eec7cca,6,0.0014136999961920083,0.0013617000076919794,1.1999974958598614e-05,0.8571428571428571,1.0,0.923076923076923,7,6,23,2026-04-21T11:47:39.939887Z
666487a7-1458-493d-989b-05514a820144,6,0.001575700007379055,0.0015095000271685421,1.209997572004795e-05,0.8571428571428571,1.0,0.923076923076923,7,6,23,2026-04-21T11:47:39.945055Z
b11cc090-7b67-49b7-a6e8-0de2717f84d6,6,0.0018179999897256494,0.0017624999745748937,1.279998105019331e-05,0.8571428571428571,1.0,0.923076923076923,7,6,23,2026-04-21T11:47:39.950503Z
caf41ade-f7fb-4e26-8964-d803f232fc97,6,0.0018186999950557947,0.0017655999981798232,1.9099970813840628e-05,0.8571428571428571,1.0,0.923076923076923,7,6,23,2026-04-21T11:47:39.955522Z
679dd1f7-422c-4263-8b4a-4a9c87667489,6,0.0013809999800287187,0.001337599940598011,1.2500036973506212e-05,0.8571428571428571,1.0,0.923076923076923,7,6,23,2026-04-21T11:47:39.960749Z
81684c99-8335-4c32-9b29-b7edb3d0d6ee,6,0.0020149999763816595,0.001962799986358732,2.1899992134422064e-05,0.8571428571428571,1.0,0.923076923076923,7,6,23,2026-04-21T11:47:39.964329Z
774d367a-2f38-495f-b0de-d76ca8fc9aa3,6,0.0017797999898903072,0.0017011999734677374,1.190003240481019e-05,0.8571428571428571,1.0,0.923076923076923,7,6,23,2026-04-21T11:47:39.964329Z
035c4d83-736d-4bf4-a653-ec167c1841bd,6,0.0053459000191651285,0.005276900017634034,3.660004585981369e-05,0.8571428571428571,1.0,0.923076923076923,7,6,23,2026-04-21T11:47:39.981566Z
16279e19-80e4-4339-948f-099130987b16,6,0.002264500013552606,0.002193499996792525,2.47000134550035e-05,0.8571428571428571,1.0,0.923076923076923,7,6,23,2026-04-21T11:47:39.981566Z
d18fd616-202f-4eee-9562-dc569b3b1e1b,6,0.0015172000275924802,0.0014393000165000558,1.1800031643360853e-05,0.8571428571428571,1.0,0.923076923076923,7,6,23,2026-04-21T11:47:39.994265Z
49da6dd7-8a1e-4206-b2b3-ae22bbcff5a3,6,0.002945300017017871,0.002865100046619773,1.2599979527294636e-05,0.8571428571428571,1.0,0.923076923076923,7,6,23,2026-04-21T11:47:39.999974Z
3fba2762-fc73-470e-84a5-9082b314b122,6,0.0013988999999128282,0.0013623000122606754,1.8600025214254856e-05,0.8571428571428571,1.0,0.923076923076923,7,6,23,2026-04-21T11:47:39.999974Z
939e567e-18a8-47f1-8450-747e44286915,6,0.0013622999540530145,0.0013215999933890998,1.1700030881911516e-05,0.8571428571428571,1.0,0.923076923076923,7,6,23,2026-04-21T11:47:40.008157Z
6d841844-04b9-4eae-aba3-6c8ead084564,6,0.0029243999742902815,0.002811599988490343,2.3100001271814108e-05,0.8571428571428571,1.0,0.923076923076923,7,6,23,2026-04-21T11:47:40.017929Z
8e445f23-d0a4-4cea-91e4-c277ca525c9f,6,0.001546999963466078,0.0014755999436601996,1.7200014553964138e-05,0.8571428571428571,1.0,0.923076923076923,7,6,23,2026-04-21T11:47:40.020878Z
dad0c91f-ddf0-4fe2-9020-5e1ed6518571,6,0.0014828999992460012,0.0014343999791890383,1.1999974958598614e-05,0.8571428571428571,1.0,0.923076923076923,7,6,23,2026-04-21T11:47:40.026485Z
33193514-05a0-4da9-a837-847e6948f221,6,0.003588200022932142,0.0033979000290855765,1.8900027498602867e-05,0.8571428571428571,1.0,0.923076923076923,7,6,23,2026-04-21T11:47:40.031612Z
7dcfc542-6f38-4cc7-9446-719722813c2f,6,0.0014261999749578536,0.001380199973937124,1.3300043065100908e-05,0.8571428571428571,1.0,0.923076923076923,7,6,23,2026-04-21T11:47:40.033848Z
9ab091e7-7669-44bf-82d3-1aa17851229c,6,0.0015912999515421689,0.0015443999436683953,1.309998333454132e-05,0.8571428571428571,1.0,0.923076923076923,7,6,23,2026-04-21T11:47:40.042497Z
899e6659-1449-4534-9e50-c676c79df5b5,6,0.0035221000434830785,0.003454800054896623,7.470004493370652e-05,0.8571428571428571,1.0,0.923076923076923,7,6,23,2026-04-21T11:47:40.047568Z
f7460b38-6e5e-44a0-bfb3-72f86663f8de,6,0.001880900003015995,0.0018218000186607242,1.580000389367342e-05,0.8571428571428571,1.0,0.923076923076923,7,6,23,2026-04-21T11:47:40.053510Z
93916219-40dc-47fb-a372-677cb521d113,6,0.0011603999882936478,0.0011224999907426536,1.1700030881911516e-05,0.8571428571428571,1.0,0.923076923076923,7,6,23,2026-04-21T11:47:40.053510Z
ee4c3e2e-7b13-426a-8f21-11521c3c40e5,6,0.0011088000028394163,0.0010747999767772853,1.1499971151351929e-05,0.8571428571428571,1.0,0.923076923076923,7,6,23,2026-04-21T11:47:40.053510Z
f29d2b52-2c95-4074-86a5-56b2962aae2d,6,0.0028777000261470675,0.002812699996866286,1.9600032828748226e-05,0.8571428571428571,1.0,0.923076923076923,7,6,23,2026-04-21T11:47:40.066609Z
8586cd70-2f64-4b3b-a7bd-e75c7eef04cc,6,0.0016321000293828547,0.0015903000021353364,1.750001683831215e-05,0.8571428571428571,1.0,0.923076923076923,7,6,23,2026-04-21T11:47:40.066609Z
5d722bf5-46bd-49b6-a21b-9709a0cc0e4d,6,0.0016172999748960137,0.0015605000080540776,1.1500029359012842e-05,0.8571428571428571,1.0,0.923076923076923,7,6,23,2026-04-21T11:47:40.076866Z
fa775559-29b8-4752-9305-beccef384750,6,0.002951800008304417,0.002839400025550276,2.269999822601676e-05,0.8571428571428571,1.0,0.923076923076923,7,6,23,2026-04-21T11:47:40.080646Z
f95a905f-1226-4c6e-ad16-6052a1806ab7,6,0.00154669996118173,0.0014964999281801283,1.9400031305849552e-05,0.8571428571428571,1.0,0.923076923076923,7,6,23,2026-04-21T11:47:40.080646Z
2e4e306e-557d-4cef-943d-4685b2fbe732,6,0.0015720999799668789,0.0014935999643057585,1.1200027074664831e-05,0.8571428571428571,1.0,0.923076923076923,7,6,23,2026-04-21T11:47:40.093082Z
bed781c8-a245-4c31-a4f9-72ac260994d9,6,0.0034636000054888427,0.0033229999826289713,2.3100001271814108e-05,0.8571428571428571,1.0,0.923076923076923,7,6,23,2026-04-21T11:47:40.101340Z
b17ffb6f-5377-42fa-b0f4-7966c614e2dd,6,0.0012238000053912401,0.0011907000443898141,1.1200027074664831e-05,0.8571428571428571,1.0,0.923076923076923,7,6,23,2026-04-21T11:47:40.104881Z
ad436d70-1778-4f1d-aa25-5ed00f8ef942,6,0.001980800007004291,0.00184009998338297,2.2099993657320738e-05,0.8571428571428571,1.0,0.923076923076923,7,6,23,2026-04-21T11:47:40.109875Z
7bf7f274-5d30-4058-89f8-6ed8978946c1,6,0.003452399978414178,0.003369299985934049,1.4899997040629387e-05,0.8571428571428571,1.0,0.923076923076923,7,6,23,2026-04-21T11:47:40.118130Z
e2951b4c-f98f-4675-9be5-5b1b1d85680b,6,0.0018765000277198851,0.0017881000530906022,1.9099970813840628e-05,0.8571428571428571,1.0,0.923076923076923,7,6,23,2026-04-21T11:47:40.120138Z
651062fe-d2e5-433c-a1ec-cdb85f5e626c,6,0.0013030999689362943,0.0012647999683395028,1.1400028597563505e-05,0.8571428571428571,1.0,0.923076923076923,7,6,23,2026-04-21T11:47:40.123714Z
c2002f9d-fed3-4b54-a3d6-a5d68caa6ef1,6,0.003517200006172061,0.0033808000152930617,3.160000778734684e-05,0.8571428571428571,1.0,0.923076923076923,7,6,23,2026-04-21T11:47:40.132881Z
ad99c0bb-2393-480e-ae77-17c21344d050,6,0.001458599988836795,0.001413599995430559,1.999997766688466e-05,0.8571428571428571,1.0,0.923076923076923,7,6,23,2026-04-21T11:47:40.132881Z
087c52dd-46e9-4d0f-8a00-b4f8141043af,6,0.0015493999817408621,0.0014933999627828598,1.1400028597563505e-05,0.8571428571428571,1.0,0.923076923076923,7,6,23,2026-04-21T11:47:40.142367Z
8a0a1a53-e606-419a-9cea-b3f4ef807172,6,0.0036527999909594655,0.0035809999681077898,2.5100016500800848e-05,0.8571428571428571,1.0,0.923076923076923,7,6,23,2026-04-21T11:47:40.147423Z
96119639-75ea-4f13-91bb-7c949f276e0a,6,0.002225700009148568,0.0020118000102229416,1.3199984095990658e-05,0.8571428571428571,1.0,0.923076923076923,7,6,23,2026-04-21T11:47:40.153659Z
0636fe94-b3ab-4614-9c0a-89e9bb529421,6,0.001201900013256818,0.0011531999916769564,1.2399978004395962e-05,0.8571428571428571,1.0,0.923076923076923,7,6,23,2026-04-21T11:47:40.153659Z
81935d51-fafd-4f80-832b-c5071b40ca3d,6,0.0011063999845646322,0.0010621999390423298,1.1000025551766157e-05,0.8571428571428571,1.0,0.923076923076923,7,6,23,2026-04-21T11:47:40.153659Z
129ebc08-5f22-40da-bfb3-f2190100572e,8,0.0019288999610580504,0.001846899976953864,0.00010649999603629112,0.8571428571428571,1.0,0.923076923076923,7,6,23,2026-04-21T11:47:40.168314Z
c6cfb924-99f3-44a2-9842-4acf0d5bfd4a,8,0.0013236000086180866,0.0012851000064983964,9.330001194030046e-05,0.8571428571428571,1.0,0.923076923076923,7,6,23,2026-04-21T11:47:40.169932Z
f8ac2a95-c7ed-4ebe-9128-eea321fe1962,8,0.0016041999915614724,0.0015349999885074794,0.0001601999974809587,0.8571428571428571,1.0,0.923076923076923,7,6,23,2026-04-21T11:47:40.176482Z
7d2b957f-cf4e-4968-b1c9-113c0443210d,8,0.0038408999680541456,0.0037524999934248626,0.00014020001981407404,0.8571428571428571,1.0,0.923076923076923,7,6,23,2026-04-21T11:47:40.180719Z
fd768316-41a6-492d-a8a9-4b8ef2b085e5,8,0.0016314000240527093,0.0015865000314079225,0.00010380003368481994,0.8571428571428571,1.0,0.923076923076923,7,6,23,2026-04-21T11:47:40.186856Z
6361b814-93f2-4958-ab83-76839552a280,8,0.0012174999574199319,0.0011769999982789159,9.739998495206237e-05,0.8571428571428571,1.0,0.923076923076923,7,6,23,2026-04-21T11:47:40.186856Z
4a405807-c4c9-426e-8353-6898606ce4f5,8,0.0012524999910965562,0.0012169000110588968,9.90999978967011e-05,0.8571428571428571,1.0,0.923076923076923,7,6,23,2026-04-21T11:47:40.186856Z
4368000f-db4f-4c73-b718-1c58177424d6,8,0.002118399948813021,0.002067999914288521,0.00012340000830590725,0.8571428571428571,1.0,0.923076923076923,7,6,23,2026-04-21T11:47:40.198973Z
6c1111b4-0c8b-413a-b017-5f3920cbd7ed,8,0.0021753000328317285,0.0021064000320620835,0.00015580002218484879,0.8571428571428571,1.0,0.923076923076923,7,6,23,2026-04-21T11:47:40.206155Z
af495d09-b184-4e67-ab4f-e003799a1f50,8,0.0014140999992378056,0.0013576000346802175,0.00010980002116411924,0.8571428571428571,1.0,0.923076923076923,7,6,23,2026-04-21T11:47:40.206155Z
53667a48-dfb7-4d64-b88b-4d6e92fab057,8,0.0034673999762162566,0.0033588999649509788,0.00025540002388879657,0.8571428571428571,1.0,0.923076923076923,7,6,23,2026-04-21T11:47:40.218235Z
02608879-d758-4fd1-a937-35f43bb68682,8,0.0016268999897874892,0.0015716999769210815,0.00010619999375194311,0.8571428571428571,1.0,0.923076923076923,7,6,23,2026-04-21T11:47:40.221878Z
ec6b7a9a-85f1-4ffd-b359-d652e7446005,8,0.001463300024624914,0.0014280000468716025,0.00010010000551119447,0.8571428571428571,1.0,0.923076923076923,7,6,23,2026-04-21T11:47:40.225905Z
656753f1-59f2-4d4a-af31-fc888475e945,8,0.0035226999898441136,0.003119500004686415,0.00012450001668184996,0.8571428571428571,1.0,0.923076923076923,7,6,23,2026-04-21T11:47:40.230532Z
af9bcb0e-1abe-4105-9ed9-b0bf24b59cb1,8,0.002245199983008206,0.0021870999480597675,0.0001544999540783465,0.8571428571428571,1.0,0.923076923076923,7,6,23,2026-04-21T11:47:40.236620Z
7ba34525-0104-4f65-ba57-f7a9f100ac8d,8,0.0013483999646268785,0.0012844999437220395,9.539996972307563e-05,0.8571428571428571,1.0,0.923076923076923,7,6,23,2026-04-21T11:47:40.236620Z
8e78e5ac-a904-4f99-9212-ce3d1cb3bc29,8,0.0014353000442497432,0.001359500049147755,0.00018580001778900623,0.8571428571428571,1.0,0.923076923076923,7,6,23,2026-04-21T11:47:40.244698Z
2c7f1461-ed27-4f68-9cc2-5ff3fd2bfc0e,8,0.0019314000383019447,0.0018770000315271318,0.00013649999164044857,0.8571428571428571,1.0,0.923076923076923,7,6,23,2026-04-21T11:47:40.251994Z
95821101-4e49-4ba2-ad8a-a21d256bb13b,8,0.0012129999813623726,0.0011780999484471977,0.00012790004257112741,0.8571428571428571,1.0,0.923076923076923,7,6,23,2026-04-21T11:47:40.253127Z
d72f0e47-d6a0-43de-985e-cd3bda2873f2,8,0.0012318000080995262,0.0011966999736614525,0.00010419997852295637,0.8571428571428571,1.0,0.923076923076923,7,6,23,2026-04-21T11:47:40.253127Z
6a8df1c0-23ae-41c7-a7a5-d2e7d7793fad,8,0.00395429995842278,0.0038207999896258116,0.00016120000509545207,0.8571428571428571,1.0,0.923076923076923,7,6,23,2026-04-21T11:47:40.263931Z
2dcb3dbe-3902-412c-b5f5-991b2fd6c371,8,0.001841000048443675,0.0017869000439532101,0.00012839998817071319,0.8571428571428571,1.0,0.923076923076923,7,6,23,2026-04-21T11:47:40.270881Z
40aa9bb7-da04-4016-bf64-9027ff5c87eb,8,0.0016340999864041805,0.0015651999856345356,0.00010740000288933516,0.8571428571428571,1.0,0.923076923076923,7,6,23,2026-04-21T11:47:40.275782Z
4bd9ca38-6882-4cc5-bc9a-209b65ee2d13,8,0.00345960003323853,0.003336200024932623,0.00018360000103712082,0.8571428571428571,1.0,0.923076923076923,7,6,23,2026-04-21T11:47:40.280329Z
628e230a-b693-4041-a5f2-974defe63391,8,0.0021660999627783895,0.0020794000010937452,0.000125700025819242,0.8571428571428571,1.0,0.923076923076923,7,6,23,2026-04-21T11:47:40.286847Z
b920d280-9c89-4a9a-baa9-e9359d1dd62b,8,0.0015988000086508691,0.0015473999665118754,0.00010750000365078449,0.8571428571428571,1.0,0.923076923076923,7,6,23,2026-04-21T11:47:40.291557Z
3f6a6e66-ef5f-46a0-8d34-3e2c0d622814,8,0.0012883999734185636,0.0012505999766290188,0.00012750003952533007,0.8571428571428571,1.0,0.923076923076923,7,6,23,2026-04-21T11:47:40.295690Z
640fc3ac-35d3-4be6-9d72-eeaf942e1b81,8,0.0026439999928697944,0.00241950002964586,0.00012989999959245324,0.8571428571428571,1.0,0.923076923076923,7,6,23,2026-04-21T11:47:40.303388Z
9f73c903-154e-4120-8d6f-bfbbb3695e35,8,0.0016119999927468598,0.001528099994175136,0.00014359998749569058,0.8571428571428571,1.0,0.923076923076923,7,6,23,2026-04-21T11:47:40.306805Z
f7999627-13f0-4979-8fb1-c1dc3424aec9,8,0.001624200027436018,0.0015755000640638173,0.0001485000248067081,0.8571428571428571,1.0,0.923076923076923,7,6,23,2026-04-21T11:47:40.306805Z
01aaec0d-6acb-4937-81a8-8189f3ff34a2,8,0.002024599991273135,0.0018905999604612589,0.0001737999846227467,0.8571428571428571,1.0,0.923076923076923,7,6,23,2026-04-21T11:47:40.319901Z
b17f85db-4b37-467a-8659-2d394edba445,8,0.001762899977620691,0.0017167999758385122,0.00014209997607395053,0.8571428571428571,1.0,0.923076923076923,7,6,23,2026-04-21T11:47:40.323097Z
0ce09f60-0fbb-46f2-a056-b4ebbaf82f3a,8,0.005389900004956871,0.005303399986587465,0.0001050999853760004,0.8571428571428571,1.0,0.923076923076923,7,6,23,2026-04-21T11:47:40.330155Z
e2d084ff-2a40-4091-94e7-64f87175178f,8,0.0019699999829754233,0.0019167999853380024,0.0001270999782718718,0.8571428571428571,1.0,0.923076923076923,7,6,23,2026-04-21T11:47:40.335386Z
b20ebf30-8273-4d18-bbcc-e37be8f988f4,8,0.0021215999731794,0.0019744999590329826,0.00013800000306218863,0.8571428571428571,1.0,0.923076923076923,7,6,23,2026-04-21T11:47:40.342206Z
9899f451-8e98-4ae3-bf90-6422723ae8c0,8,0.0036910000490024686,0.003606500045862049,0.00018849998014047742,0.8571428571428571,1.0,0.923076923076923,7,6,23,2026-04-21T11:47:40.351531Z
ae08789a-7228-4ce2-9f19-a6c4a24bf97e,8,0.002278600004501641,0.0022060999763198197,0.0001422999775968492,0.8571428571428571,1.0,0.923076923076923,7,6,23,2026-04-21T11:47:40.357018Z
a875cd5b-ecf6-4a0e-a18b-ad6108c8a79e,8,0.0012861000141128898,0.0012472000089474022,0.00010320002911612391,0.8571428571428571,1.0,0.923076923076923,7,6,23,2026-04-21T11:47:40.358699Z
c8cf7472-c9b2-4507-bb03-add3f9531c4b,8,0.0020849000429734588,0.0020343000069260597,0.00014100002590566874,0.8571428571428571,1.0,0.923076923076923,7,6,23,2026-04-21T11:47:40.367005Z
82b0be36-d792-4013-9bcf-019d48697477,8,0.0018958000000566244,0.001830300025176257,0.0001406999654136598,0.8571428571428571,1.0,0.923076923076923,7,6,23,2026-04-21T11:47:40.373643Z
021c4404-b3c5-4ce0-a8cd-eff601e79a41,8,0.001448499970138073,0.0014080999535508454,0.00010890001431107521,0.8571428571428571,1.0,0.923076923076923,7,6,23,2026-04-21T11:47:40.374114Z
f086144c-9e13-4585-a8b1-cc2497628b09,8,0.0022418000153265893,0.0021702999947592616,0.00010699999984353781,0.8571428571428571,1.0,0.923076923076923,7,6,23,2026-04-21T11:47:40.384013Z
ff801abd-d91c-451f-9508-53eb7b4d520d,8,0.0012459999998100102,0.0012060999870300293,0.00010740000288933516,0.8571428571428571,1.0,0.923076923076923,7,6,23,2026-04-21T11:47:40.384013Z
61230582-37f0-4ac9-a60e-81ed0ccbc8a6,8,0.001754299970343709,0.001701099972706288,0.00014070002362132072,0.8571428571428571,1.0,0.923076923076923,7,6,23,2026-04-21T11:47:40.392540Z
ede06a23-2e7c-4770-bb63-c305a5e101f8,8,0.0026448999997228384,0.002524399955291301,0.00014359998749569058,0.8571428571428571,1.0,0.923076923076923,7,6,23,2026-04-21T11:47:40.396609Z
63a6a122-f158-4f2f-ab4b-2215b0514611,8,0.0015002000145614147,0.0014300000038929284,0.00011820002691820264,0.8571428571428571,1.0,0.923076923076923,7,6,23,2026-04-21T11:47:40.402827Z
3eccda13-086a-4600-8855-b62b70fb450d,8,0.001712299999780953,0.0016583999968133867,0.00010190001921728253,0.8571428571428571,1.0,0.923076923076923,7,6,23,2026-04-21T11:47:40.408237Z
541cc104-a719-40c8-b7fe-ba5272c3a475,8,0.0031798999989405274,0.003109099983703345,0.0003037999849766493,0.8571428571428571,1.0,0.923076923076923,7,6,23,2026-04-21T11:47:40.413644Z
d5e1cce9-371f-42e8-9c35-6a327afb6ba5,8,0.00232749996939674,0.002271600009407848,0.00016850000247359276,0.8571428571428571,1.0,0.923076923076923,7,6,23,2026-04-21T11:47:40.420304Z
66a76af0-a2d1-44fe-9e86-81598b58efe1,8,0.0018079000292345881,0.0017479999805800617,8.820003131404519e-05,0.8571428571428571,1.0,0.923076923076923,7,6,23,2026-04-21T11:47:40.424868Z
b03ca253-a39a-4f6d-9211-ecbe5b643108,12,0.005766700021922588,0.0056192000629380345,0.00013130001025274396,0.8571428571428571,1.0,0.923076923076923,7,6,23,2026-04-21T11:47:40.433906Z
f7ecd09d-8c81-4dbe-9b21-7fe793c50557,12,0.0018289000145159662,0.00178829999640584,2.2799998987466097e-05,0.8571428571428571,1.0,0.923076923076923,7,6,23,2026-04-21T11:47:40.433906Z
05075689-4302-48c1-9521-14f342f43ec6,12,0.0016718999831937253,0.001636899949517101,2.340000355616212e-05,0.8571428571428571,1.0,0.923076923076923,7,6,23,2026-04-21T11:47:40.441946Z
3ee04459-064c-4d66-a5fb-d9de0c419144,12,0.005214800010435283,0.00501080002868548,3.339996328577399e-05,0.8571428571428571,1.0,0.923076923076923,7,6,23,2026-04-21T11:47:40.449961Z
830cd970-70c2-4ccd-89f7-3a54389036f0,12,0.002602499967906624,0.002548899967223406,2.889998722821474e-05,0.8571428571428571,1.0,0.923076923076923,7,6,23,2026-04-21T11:47:40.453665Z
a34509f3-1d35-449b-82ce-a2cbfd9eb9b8,12,0.002176599984522909,0.002103899954818189,2.3200002033263445e-05,0.8571428571428571,1.0,0.923076923076923,7,6,23,2026-04-21T11:47:40.458493Z
d8e3fcdb-959c-4c37-a8b7-42e4736912d5,12,0.003328200022224337,0.003227100009098649,4.0000013541430235e-05,0.8571428571428571,1.0,0.923076923076923,7,6,23,2026-04-21T11:47:40.463161Z
c9d7a189-dc9f-47e2-a4d7-24e7ae89bad7,12,0.002458199975080788,0.0023843999952077866,2.4500011932104826e-05,0.8571428571428571,1.0,0.923076923076923,7,6,23,2026-04-21T11:47:40.463161Z
ec00db13-6275-4c6a-94dd-da16d56d3a0a,12,0.0019414000562392175,0.0018983000773005188,2.47000134550035e-05,0.8571428571428571,1.0,0.923076923076923,7,6,23,2026-04-21T11:47:40.475692Z
5f82ff94-b6b9-4a31-a9b1-78f249c5a0ac,12,0.0024295999901369214,0.002373900031670928,2.2099993657320738e-05,0.8571428571428571,1.0,0.923076923076923,7,6,23,2026-04-21T11:47:40.480318Z
c0db9caa-7c25-48b8-9f24-fd98024e3f26,12,0.0049934000126086175,0.004891699994914234,4.640000406652689e-05,0.8571428571428571,1.0,0.923076923076923,7,6,23,2026-04-21T11:47:40.492702Z
97cb2488-c712-4737-a6dc-a5e325d3c7b3,12,0.002341599960345775,0.002285499998833984,2.3600005079060793e-05,0.8571428571428571,1.0,0.923076923076923,7,6,23,2026-04-21T11:47:40.498940Z
f5eda8cc-3682-4f89-aa28-9e64ff23853f,12,0.0032099999953061342,0.0031567999976687133,3.370002377778292e-05,0.8571428571428571,1.0,0.923076923076923,7,6,23,2026-04-21T11:47:40.506806Z
4396b49a-637f-472c-bb2e-0accb91500a0,12,0.0037894999841228127,0.0036415000213310122,6.479996955022216e-05,0.8571428571428571,1.0,0.923076923076923,7,6,23,2026-04-21T11:47:40.513666Z
238e9fa4-a4a6-429e-b684-f1dad0e7cbf2,12,0.0032343000057153404,0.0029964999994263053,2.400000812485814e-05,0.8571428571428571,1.0,0.923076923076923,7,6,23,2026-04-21T11:47:40.519136Z
e18df9da-af68-44c5-bb53-09e535e2cdba,12,0.0016724999877624214,0.0016295999521389604,2.239999594166875e-05,0.8571428571428571,1.0,0.923076923076923,7,6,23,2026-04-21T11:47:40.519136Z
ad78cecc-cdd0-4984-9f22-18b5ef2e2e9b,12,0.004833500017412007,0.0047556000063195825,7.479998748749495e-05,0.8571428571428571,1.0,0.923076923076923,7,6,23,2026-04-21T11:47:40.529600Z
48a2e6fa-53b5-482f-9d9e-97f5ebfd400d,12,0.0038935999618843198,0.003813299990724772,4.210002953186631e-05,0.8571428571428571,1.0,0.923076923076923,7,6,23,2026-04-21T11:47:40.536112Z
c5000e8a-19c2-42d2-80d4-1eb227270167,12,0.0023739999742247164,0.0023169999476522207,2.3500004317611456e-05,0.8571428571428571,1.0,0.923076923076923,7,6,23,2026-04-21T11:47:40.543712Z
a7b8e562-c9fe-49bf-98c4-04e068b2c578,12,0.0018330999882891774,0.0017932999762706459,2.2199994418770075e-05,0.8571428571428571,1.0,0.923076923076923,7,6,23,2026-04-21T11:47:40.548547Z
1c9bd203-bbbb-463b-9b77-eabee0c87c65,12,0.002374499978031963,0.0023363999789580703,4.439998883754015e-05,0.8571428571428571,1.0,0.923076923076923,7,6,23,2026-04-21T11:47:40.557560Z
f9c936b8-08bc-46e0-875d-b3270d19f48c,12,0.0022895000292919576,0.002252400037832558,2.1899992134422064e-05,0.8571428571428571,1.0,0.923076923076923,7,6,23,2026-04-21T11:47:40.557560Z
836879fd-6160-4d2e-b34a-b2b12faf500b,12,0.0024714000173844397,0.0024148999946191907,2.47000134550035e-05,0.8571428571428571,1.0,0.923076923076923,7,6,23,2026-04-21T11:47:40.568823Z
7cf19d17-0270-4a5d-940d-3d8121468c91,12,0.0016920999623835087,0.0016480999765917659,2.2799998987466097e-05,0.8571428571428571,1.0,0.923076923076923,7,6,23,2026-04-21T11:47:40.568823Z
88b5ded9-e18e-454f-96bb-066d5e8a3d6f,12,0.003974099992774427,0.0038843000074848533,4.1000021155923605e-05,0.8571428571428571,1.0,0.923076923076923,7,6,23,2026-04-21T11:47:40.579476Z
9940c91b-2a84-40dd-b9d5-6c28649c9375,12,0.0022939000045880675,0.002246500051114708,2.95999925583601e-05,0.8571428571428571,1.0,0.923076923076923,7,6,23,2026-04-21T11:47:40.583346Z
22bd2d58-1946-47fd-b405-eea70dd80e4b,12,0.0019546999828889966,0.001914899970870465,2.2499996703118086e-05,0.8571428571428571,1.0,0.923076923076923,7,6,23,2026-04-21T11:47:40.589070Z
477f34cf-aef0-42ed-935f-c1026d446325,12,0.002131699991878122,0.0020959999528713524,2.2499996703118086e-05,0.8571428571428571,1.0,0.923076923076923,7,6,23,2026-04-21T11:47:40.589070Z
2be3f3d9-7f54-40f5-ab93-7ea0e22e1dc5,12,0.003631600004155189,0.0034827999770641327,2.929999027401209e-05,0.8571428571428571,1.0,0.923076923076923,7,6,23,2026-04-21T11:47:40.603754Z
04fc7dc3-d598-4205-9448-eebc75e92c7d,12,0.0017920000245794654,0.0017529000178910792,2.340000355616212e-05,0.8571428571428571,1.0,0.923076923076923,7,6,23,2026-04-21T11:47:40.604716Z
6c0e609d-f6f4-452a-869c-da8a005b014e,12,0.004811700026039034,0.00465690006967634,4.1000021155923605e-05,0.8571428571428571,1.0,0.923076923076923,7,6,23,2026-04-21T11:47:40.612545Z
48d65268-8917-4dd8-bbf6-3e6aef5f298a,12,0.0025855000130832195,0.0024503000313416123,2.4200009647756815e-05,0.8571428571428571,1.0,0.923076923076923,7,6,23,2026-04-21T11:47:40.619694Z
619ae586-1723-48dd-9ae2-f77c097427f0,12,0.0017531000194139779,0.001714700018055737,2.340000355616212e-05,0.8571428571428571,1.0,0.923076923076923,7,6,23,2026-04-21T11:47:40.619694Z
751d5a2e-14fb-4a51-bb22-547c28234536,12,0.005781700019724667,0.005446700030006468,3.470003139227629e-05,0.8571428571428571,1.0,0.923076923076923,7,6,23,2026-04-21T11:47:40.629371Z
d8e7d076-6c0a-4f87-b949-7ca92b8c32df,12,0.0022953000152483582,0.0022529999841935933,2.4800014216452837e-05,0.8571428571428571,1.0,0.923076923076923,7,6,23,2026-04-21T11:47:40.635463Z
46bf43b9-a5d9-40f4-a484-0c62ff0b6ddf,12,0.0025883999769575894,0.002530299942009151,2.4900014977902174e-05,0.8571428571428571,1.0,0.923076923076923,7,6,23,2026-04-21T11:47:40.641946Z
4ad94451-40c3-47f3-a4cb-80afaa1de487,12,0.002813900006003678,0.0026170999626629055,2.3200002033263445e-05,0.8571428571428571,1.0,0.923076923076923,7,6,23,2026-04-21T11:47:40.650111Z
2a11075f-6517-4d66-a09a-fe9f01933345,12,0.0023904000408947468,0.0023277000291273,4.379998426884413e-05,0.8571428571428571,1.0,0.923076923076923,7,6,23,2026-04-21T11:47:40.654739Z
8b2913cb-5fe4-42d4-b5ca-d0647b721e10,12,0.0015810999902896583,0.0015462000155821443,2.3200002033263445e-05,0.8571428571428571,1.0,0.923076923076923,7,6,23,2026-04-21T11:47:40.654739Z
7da86e95-d9c2-4cc4-a671-f8a4facc1249,12,0.0026042000390589237,0.002533300081267953,4.2300031054764986e-05,0.8571428571428571,1.0,0.923076923076923,7,6,23,2026-04-21T11:47:40.665590Z
b2dc1193-b399-4cdb-92c2-71512a4ffd4c,12,0.0031460000318475068,0.0030888000619597733,2.3200002033263445e-05,0.8571428571428571,1.0,0.923076923076923,7,6,23,2026-04-21T11:47:40.672068Z
1d013a31-279a-4fd7-b48b-91a4daa43244,12,0.0038209999911487103,0.0037718999665230513,4.110002191737294e-05,0.8571428571428571,1.0,0.923076923076923,7,6,23,2026-04-21T11:47:40.679180Z
fd122ba6-43c8-49c4-9375-875abf492d08,12,0.002289600030053407,0.002229499979875982,2.4300010409206152e-05,0.8571428571428571,1.0,0.923076923076923,7,6,23,2026-04-21T11:47:40.683657Z
66da18f4-aa87-4022-921c-8bd87a18dd9b,12,0.002346699999179691,0.00228020001668483,2.4600012693554163e-05,0.8571428571428571,1.0,0.923076923076923,7,6,23,2026-04-21T11:47:40.689553Z
e0309820-62ce-4ec2-918f-41a6812d7627,12,0.0046431999653577805,0.004597899969667196,5.730002885684371e-05,0.8571428571428571,1.0,0.923076923076923,7,6,23,2026-04-21T11:47:40.695604Z
78315c07-19fb-4388-a7ac-07b3e9e58c8e,12,0.0021275999606586993,0.0020840999204665422,2.2899999748915434e-05,0.8571428571428571,1.0,0.923076923076923,7,6,23,2026-04-21T11:47:40.700814Z
d14df4ba-5399-41ae-a9d9-1894ec78428c,12,0.002157100010663271,0.002100600046105683,2.3600005079060793e-05,0.8571428571428571,1.0,0.923076923076923,7,6,23,2026-04-21T11:47:40.707099Z
6f33268c-d3b3-4cc8-b1da-1efba4b8eb04,12,0.00605840003117919,0.005979000008665025,2.9699993319809437e-05,0.8571428571428571,1.0,0.923076923076923,7,6,23,2026-04-21T11:47:40.712485Z
13e3ad45-35d0-4a7f-8732-2ef8496d16ea,12,0.002046199981123209,0.0020016999915242195,4.859996261075139e-05,0.8571428571428571,1.0,0.923076923076923,7,6,23,2026-04-21T11:47:40.718451Z
52136df7-c470-4630-8c6c-cdd463390942,12,0.0021369000314734876,0.0020784000516869128,2.300000051036477e-05,0.8571428571428571,1.0,0.923076923076923,7,6,23,2026-04-21T11:47:40.726378Z
33cda4fb-2f89-42e3-a33a-0c3600e4e3a0,16,0.003535300027579069,0.003436699975281954,0.00014260003808885813,0.8571428571428571,1.0,0.923076923076923,7,6,23,2026-04-21T11:47:40.734043Z
63d35ee1-dfcd-4221-9b2d-41a24d87c538,16,0.003633500018622726,0.0035835999879054725,0.0010290000354871154,0.8571428571428571,1.0,0.923076923076923,7,6,23,2026-04-21T11:47:40.742721Z
a3d935e2-700f-4581-b110-d0e4c6d9bcaf,16,0.002865099988412112,0.0028235999634489417,8.649996016174555e-05,0.8571428571428571,1.0,0.923076923076923,7,6,23,2026-04-21T11:47:40.751166Z
eb9a61c0-9e6c-414d-95f2-12dc5641100e,16,0.002903499989770353,0.0028590999427251518,8.510000770911574e-05,0.8571428571428571,1.0,0.923076923076923,7,6,23,2026-04-21T11:47:40.755823Z
d03d9575-1bad-450c-a1fd-8c30073accc2,16,0.004073699994478375,0.004036400001496077,0.00017180002760142088,0.8571428571428571,1.0,0.923076923076923,7,6,23,2026-04-21T11:47:40.762372Z
da79724d-c281-4418-924d-9db59d3ea2d6,16,0.0028016999713145196,0.0027173999696969986,0.00012289994629099965,0.8571428571428571,1.0,0.923076923076923,7,6,23,2026-04-21T11:47:40.767102Z
6c60e3c6-8879-4cce-87aa-48b03e0642d2,16,0.002160999982152134,0.0021244999952614307,7.750000804662704e-05,0.8571428571428571,1.0,0.923076923076923,7,6,23,2026-04-21T11:47:40.772018Z
14610526-e9ab-4b29-b363-aebbd34f7b34,16,0.006694299983792007,0.006101399951148778,0.00017330003902316093,0.8571428571428571,1.0,0.923076923076923,7,6,23,2026-04-21T11:47:40.782709Z
1f1dac0c-ac11-45a0-aede-57a6cebeb9f6,16,0.0021843999857082963,0.0021351000177673995,8.03999719209969e-05,0.8571428571428571,1.0,0.923076923076923,7,6,23,2026-04-21T11:47:40.782709Z
b1f8f680-d7ae-4fe8-a291-a36e5550fb2f,16,0.0024248999543488026,0.0023790999548509717,8.550001075491309e-05,0.8571428571428571,1.0,0.923076923076923,7,6,23,2026-04-21T11:47:40.791227Z
c1535025-6abb-4f15-a826-b2768377f24c,16,0.003921600000467151,0.003852000052575022,8.759996853768826e-05,0.8571428571428571,1.0,0.923076923076923,7,6,23,2026-04-21T11:47:40.799483Z
bbcd5965-e87c-4330-9c51-dafbc69d2d24,16,0.0026822000509127975,0.0026110000326298177,8.440000237897038e-05,0.8571428571428571,1.0,0.923076923076923,7,6,23,2026-04-21T11:47:40.806020Z
6b397b5e-5bbd-4874-8e97-3cbad6667243,16,0.004474100016523153,0.004435500013642013,0.0008903000270947814,0.8571428571428571,1.0,0.923076923076923,7,6,23,2026-04-21T11:47:40.812231Z
93b7adc1-1785-4b02-afc4-f10c7a9338be,16,0.0027185999788343906,0.002642099978402257,8.430000161752105e-05,0.8571428571428571,1.0,0.923076923076923,7,6,23,2026-04-21T11:47:40.819108Z
287b6c7c-f189-4d59-935d-cfd9ccfa4266,16,0.0037734999787062407,0.0037201999803073704,0.00011959997937083244,0.8571428571428571,1.0,0.923076923076923,7,6,23,2026-04-21T11:47:40.823237Z
803745fd-e752-47c7-894a-1e1df09d3e90,16,0.0030676000169478357,0.0029847000259906054,0.00015269999857991934,0.8571428571428571,1.0,0.923076923076923,7,6,23,2026-04-21T11:47:40.833683Z
d2de8787-eaf3-4bb1-b39e-5324f70fa3ed,16,0.003377599990926683,0.0033295999746769667,9.750004392117262e-05,0.8571428571428571,1.0,0.923076923076923,7,6,23,2026-04-21T11:47:40.839167Z
24825576-5ecf-4e76-8753-854265d739d6,16,0.006181899982038885,0.00591160001931712,0.00024750002194195986,0.8571428571428571,1.0,0.923076923076923,7,6,23,2026-04-21T11:47:40.845006Z
990fbbcd-df69-4d02-a7cc-51be01762861,16,0.003174800018314272,0.0031120000639930367,0.00012610002886503935,0.8571428571428571,1.0,0.923076923076923,7,6,23,2026-04-21T11:47:40.854164Z
7b60798b-88bf-40c1-a2ef-b086ef93a7eb,16,0.0022349999635480344,0.002195600012782961,7.92999635450542e-05,0.8571428571428571,1.0,0.923076923076923,7,6,23,2026-04-21T11:47:40.857320Z
778e31df-96f6-4168-ae85-17791277708d,16,0.0028663999983109534,0.002821100002620369,0.00016959995264187455,0.8571428571428571,1.0,0.923076923076923,7,6,23,2026-04-21T11:47:40.864396Z
dc3e8c00-62ff-4ae1-bef0-ce3a55e497da,16,0.0028561000362969935,0.0027815000503323972,8.359999628737569e-05,0.8571428571428571,1.0,0.923076923076923,7,6,23,2026-04-21T11:47:40.873229Z
1c9f2f56-dcfe-47ce-8f59-3986973ee9f0,16,0.006265600037295371,0.00618419999955222,0.0001309000072069466,0.8571428571428571,1.0,0.923076923076923,7,6,23,2026-04-21T11:47:40.878957Z
28807c70-62dd-4aa4-8506-8b8df6e527ae,16,0.0032407999970018864,0.003187199996318668,0.00011020002420991659,0.8571428571428571,1.0,0.923076923076923,7,6,23,2026-04-21T11:47:40.888591Z
bc3fbebf-38ba-41ae-9a44-0f19879964b6,16,0.004352099960669875,0.004299199965316802,0.00017259997548535466,0.8571428571428571,1.0,0.923076923076923,7,6,23,2026-04-21T11:47:40.895127Z
dc10b1dc-cbac-4544-b4af-dacbe936c24f,16,0.0035730000236071646,0.003507799992803484,0.00014730001566931605,0.8571428571428571,1.0,0.923076923076923,7,6,23,2026-04-21T11:47:40.900987Z
f68724a3-044a-4efa-a7f7-e9fe4684e289,16,0.002447200007736683,0.0023950000177137554,8.249998791143298e-05,0.8571428571428571,1.0,0.923076923076923,7,6,23,2026-04-21T11:47:40.907285Z
0622263d-d811-4edd-a811-c632ffeeb267,16,0.005786299996543676,0.005654499982483685,0.00015819998225197196,0.8571428571428571,1.0,0.923076923076923,7,6,23,2026-04-21T11:47:40.916528Z
2a1f5c9b-e0c3-4ad5-a52f-0e84ee2b5e03,16,0.0023458999930880964,0.0022962999646551907,9.370001498609781e-05,0.8571428571428571,1.0,0.923076923076923,7,6,23,2026-04-21T11:47:40.920411Z
60af0e34-9b8f-421f-a8f8-1314eda55f40,16,0.003633400017861277,0.003452800039667636,9.779998799785972e-05,0.8571428571428571,1.0,0.923076923076923,7,6,23,2026-04-21T11:47:40.926236Z
cec16146-d5dc-49e9-8498-f12025fd0a51,16,0.0026151000056415796,0.0025740000419318676,0.00015670002903789282,0.8571428571428571,1.0,0.923076923076923,7,6,23,2026-04-21T11:47:40.930625Z
d4cc47a5-42db-4b38-8ac9-c9f96339469e,16,0.003306299971882254,0.0032466999255120754,9.210000280290842e-05,0.8571428571428571,1.0,0.923076923076923,7,6,23,2026-04-21T11:47:40.939318Z
fb76a4fb-cddf-4578-84eb-de6f1059c0aa,16,0.005722499976400286,0.005635500012431294,0.00010540004586800933,0.8571428571428571,1.0,0.923076923076923,7,6,23,2026-04-21T11:47:40.945866Z
24a57c54-0faf-4cea-8eed-01f23371b2b2,16,0.003439700056333095,0.0033648000680841506,0.00012669997522607446,0.8571428571428571,1.0,0.923076923076923,7,6,23,2026-04-21T11:47:40.954131Z
d7fe2e0d-8aac-4d1a-8cc4-a31fdef24e51,16,0.00228459999198094,0.0022326000034809113,8.149998029693961e-05,0.8571428571428571,1.0,0.923076923076923,7,6,23,2026-04-21T11:47:40.958552Z
5ed2e511-3c3d-4f78-b0f3-43b62f63ee96,16,0.002663699968252331,0.0026197999832220376,0.00013010000111535192,0.8571428571428571,1.0,0.923076923076923,7,6,23,2026-04-21T11:47:40.961537Z
f15e55c7-cf7e-4d18-b9a0-9be3e861fa54,16,0.0028965999954380095,0.0028326999745331705,0.00010549998842179775,0.8571428571428571,1.0,0.923076923076923,7,6,23,2026-04-21T11:47:40.972803Z
26ab70bc-3a46-4ce7-a42b-cef221270471,16,0.00583599996753037,0.005680599948391318,0.00014979997649788857,0.8571428571428571,1.0,0.923076923076923,7,6,23,2026-04-21T11:47:40.978749Z
aff5f843-4128-4833-93d7-17df74921ebb,16,0.002943800005596131,0.002896399993915111,0.0001113000325858593,0.8571428571428571,1.0,0.923076923076923,7,6,23,2026-04-21T11:47:40.978749Z
6a7c0a76-0b16-438f-8dda-c23f64348e36,16,0.005928599974140525,0.0058648999547585845,0.00038949999725446105,0.8571428571428571,1.0,0.923076923076923,7,6,23,2026-04-21T11:47:40.995607Z
cdbde0cb-c655-4636-9316-9db995706942,16,0.0034391999943181872,0.003387400007341057,0.0005106999888084829,0.8571428571428571,1.0,0.923076923076923,7,6,23,2026-04-21T11:47:41.004218Z
d83db716-5759-4579-ac6a-8a001ca6dd24,16,0.0026291999965906143,0.0025499999755993485,8.480000542476773e-05,0.8571428571428571,1.0,0.923076923076923,7,6,23,2026-04-21T11:47:41.008059Z
41d78ca1-4dcc-4627-8b50-7be4a20dcb5c,16,0.0030447000171989202,0.0029898000648245215,8.869997691363096e-05,0.8571428571428571,1.0,0.923076923076923,7,6,23,2026-04-21T11:47:41.016076Z
798b6490-ec04-4139-bfed-027e075b925b,16,0.002705099992454052,0.0026373000000603497,8.279999019578099e-05,0.8571428571428571,1.0,0.923076923076923,7,6,23,2026-04-21T11:47:41.022208Z
c66549ae-5a80-45f7-bf07-a8dd471c6278,16,0.006026099959854037,0.00592039996990934,0.00028879998717457056,0.8571428571428571,1.0,0.923076923076923,7,6,23,2026-04-21T11:47:41.028541Z
24ba67d0-9c93-49d5-b8e2-64033e376d31,16,0.0033980999724008143,0.0033437999663874507,0.00015929999062791467,0.8571428571428571,1.0,0.923076923076923,7,6,23,2026-04-21T11:47:41.035438Z
a4d42c6c-9ffa-4672-b663-bc11e6c86df1,16,0.0023233999963849783,0.0022632000036537647,8.289999095723033e-05,0.8571428571428571,1.0,0.923076923076923,7,6,23,2026-04-21T11:47:41.039896Z
dea4cfb2-64ef-4e66-9c01-4555c1df66c7,16,0.0032001000363379717,0.0031521000782959163,0.00013050000416114926,0.8571428571428571,1.0,0.923076923076923,7,6,23,2026-04-21T11:47:41.045093Z
c950b423-814f-4b18-b589-b7f7f8224ba9,16,0.0034869000082835555,0.0034013999975286424,0.00012839998817071319,0.8571428571428571,1.0,0.923076923076923,7,6,23,2026-04-21T11:47:41.055740Z
d148b001-435a-4481-b64d-ec57c98a9db3,16,0.00579149997793138,0.005654499982483685,0.00012939999578520656,0.8571428571428571,1.0,0.923076923076923,7,6,23,2026-04-21T11:47:41.061323Z
